Party,PA,Year,vote
D,Anti,5,2.8019801980198
I,Anti,5,0
R,Anti,5,15.3717948717949
D,Pro,5,14.8663366336634
I,Pro,5,17
R,Pro,5,2.05982905982906
D,Anti,6,1.66666666666667
I,Anti,6,0
R,Anti,6,9.40948275862069
D,Pro,6,9.98507462686567
I,Pro,6,12
R,Pro,6,2.17241379310345
D,Anti,7,2.82017543859649
R,Anti,7,16.4776119402985
D,Pro,7,16.8922413793103
R,Pro,7,3.43069306930693
